{
  "info" : {
    "version" : 1,
    "author" : "xcode"
  },
  "colors" : [
    {
      "idiom" : "universal",
      "color" : {
        "color-space" : "srgb",
        "components" : {
          "red" : "51",
          "alpha" : "1.000",
          "blue" : "57",
          "green" : "55"
        }
      }
    },
    {
      "idiom" : "universal",
      "appearances" : [
        {
          "appearance" : "luminosity",
          "value" : "dark"
        }
      ],
      "color" : {
        "color-space" : "srgb",
        "components" : {
          "red" : "178",
          "alpha" : "1.000",
          "blue" : "178",
          "green" : "178"
        }
      }
    }
  ]
}