{
  "images" : [
    {
      "filename" : "矩形.png",
      "idiom" : "universal",
      "scale" : "1x"
    },
    {
      "appearances" : [
        {
          "appearance" : "luminosity",
          "value" : "dark"
        }
      ],
      "filename" : "资源 1-10.png",
      "idiom" : "universal",
      "scale" : "1x"
    },
    {
      "filename" : "矩形@2x.png",
      "idiom" : "universal",
      "scale" : "2x"
    },
    {
      "appearances" : [
        {
          "appearance" : "luminosity",
          "value" : "dark"
        }
      ],
      "filename" : "资源 2-11.png",
      "idiom" : "universal",
      "scale" : "2x"
    },
    {
      "filename" : "矩形@3x.png",
      "idiom" : "universal",
      "scale" : "3x"
    },
    {
      "appearances" : [
        {
          "appearance" : "luminosity",
          "value" : "dark"
        }
      ],
      "filename" : "资源 3-12.png",
      "idiom" : "universal",
      "scale" : "3x"
    }
  ],
  "info" : {
    "author" : "xcode",
    "version" : 1
  }
}
