{
  "images" : [
    {
      "filename" : "基本／路程备份t1.png",
      "idiom" : "universal",
      "scale" : "1x"
    },
    {
      "appearances" : [
        {
          "appearance" : "luminosity",
          "value" : "dark"
        }
      ],
      "filename" : "基本／路程备份t2.png",
      "idiom" : "universal",
      "scale" : "1x"
    },
    {
      "filename" : "基本／路程备份@2xt1.png",
      "idiom" : "universal",
      "scale" : "2x"
    },
    {
      "appearances" : [
        {
          "appearance" : "luminosity",
          "value" : "dark"
        }
      ],
      "filename" : "基本／路程备份@2xt2.png",
      "idiom" : "universal",
      "scale" : "2x"
    },
    {
      "filename" : "基本／路程备份@3xt1.png",
      "idiom" : "universal",
      "scale" : "3x"
    },
    {
      "appearances" : [
        {
          "appearance" : "luminosity",
          "value" : "dark"
        }
      ],
      "filename" : "基本／路程备份@3xt2.png",
      "idiom" : "universal",
      "scale" : "3x"
    }
  ],
  "info" : {
    "author" : "xcode",
    "version" : 1
  }
}
