{
  "info" : {
    "version" : 1,
    "author" : "xcode"
  },
  "colors" : [
    {
      "idiom" : "universal",
      "color" : {
        "color-space" : "srgb",
        "components" : {
          "red" : "100",
          "alpha" : "1.000",
          "blue" : "111",
          "green" : "104"
        }
      }
    },
    {
      "idiom" : "universal",
      "appearances" : [
        {
          "appearance" : "luminosity",
          "value" : "dark"
        }
      ],
      "color" : {
        "color-space" : "srgb",
        "components" : {
          "red" : "220",
          "alpha" : "1.000",
          "blue" : "230",
          "green" : "224"
        }
      }
    }
  ]
}