{
  "info" : {
    "version" : 1,
    "author" : "xcode"
  },
  "colors" : [
    {
      "idiom" : "universal",
      "color" : {
        "color-space" : "srgb",
        "components" : {
          "red" : "136",
          "alpha" : "0.050",
          "blue" : "181",
          "green" : "154"
        }
      }
    },
    {
      "idiom" : "universal",
      "appearances" : [
        {
          "appearance" : "luminosity",
          "value" : "dark"
        }
      ],
      "color" : {
        "color-space" : "srgb",
        "components" : {
          "red" : "60",
          "alpha" : "1.000",
          "blue" : "67",
          "green" : "63"
        }
      }
    }
  ]
}