{
  "images" : [
    {
      "filename" : "排名／1.png",
      "idiom" : "universal",
      "scale" : "1x"
    },
    {
      "appearances" : [
        {
          "appearance" : "luminosity",
          "value" : "dark"
        }
      ],
      "filename" : "图层 2.png",
      "idiom" : "universal",
      "scale" : "1x"
    },
    {
      "filename" : "排名／1@2x.png",
      "idiom" : "universal",
      "scale" : "2x"
    },
    {
      "appearances" : [
        {
          "appearance" : "luminosity",
          "value" : "dark"
        }
      ],
      "filename" : "图层 2@2x.png",
      "idiom" : "universal",
      "scale" : "2x"
    },
    {
      "filename" : "排名／1@3x.png",
      "idiom" : "universal",
      "scale" : "3x"
    },
    {
      "appearances" : [
        {
          "appearance" : "luminosity",
          "value" : "dark"
        }
      ],
      "filename" : "图层 2@3x.png",
      "idiom" : "universal",
      "scale" : "3x"
    }
  ],
  "info" : {
    "author" : "xcode",
    "version" : 1
  }
}
