{
  "images" : [
    {
      "filename" : "基本／路程备份 2.1.png",
      "idiom" : "universal",
      "scale" : "1x"
    },
    {
      "appearances" : [
        {
          "appearance" : "luminosity",
          "value" : "dark"
        }
      ],
      "filename" : "基本／路程备份 2.2.png",
      "idiom" : "universal",
      "scale" : "1x"
    },
    {
      "filename" : "基本／路程备份 2@2x.1.png",
      "idiom" : "universal",
      "scale" : "2x"
    },
    {
      "appearances" : [
        {
          "appearance" : "luminosity",
          "value" : "dark"
        }
      ],
      "filename" : "基本／路程备份 2@2x.2.png",
      "idiom" : "universal",
      "scale" : "2x"
    },
    {
      "filename" : "基本／路程备份 2@3x.1.png",
      "idiom" : "universal",
      "scale" : "3x"
    },
    {
      "appearances" : [
        {
          "appearance" : "luminosity",
          "value" : "dark"
        }
      ],
      "filename" : "基本／路程备份 2@3x.2.png",
      "idiom" : "universal",
      "scale" : "3x"
    }
  ],
  "info" : {
    "author" : "xcode",
    "version" : 1
  }
}
