{
  "images" : [
    {
      "filename" : "辅助icon／爬梯备份.png",
      "idiom" : "universal",
      "scale" : "1x"
    },
    {
      "appearances" : [
        {
          "appearance" : "luminosity",
          "value" : "dark"
        }
      ],
      "filename" : "GPS.png",
      "idiom" : "universal",
      "scale" : "1x"
    },
    {
      "filename" : "辅助icon／爬梯备份@2x.png",
      "idiom" : "universal",
      "scale" : "2x"
    },
    {
      "appearances" : [
        {
          "appearance" : "luminosity",
          "value" : "dark"
        }
      ],
      "filename" : "GPS-1.png",
      "idiom" : "universal",
      "scale" : "2x"
    },
    {
      "filename" : "辅助icon／爬梯备份@3x.png",
      "idiom" : "universal",
      "scale" : "3x"
    },
    {
      "appearances" : [
        {
          "appearance" : "luminosity",
          "value" : "dark"
        }
      ],
      "filename" : "GPS-2.png",
      "idiom" : "universal",
      "scale" : "3x"
    }
  ],
  "info" : {
    "author" : "xcode",
    "version" : 1
  }
}
