{
  "images" : [
    {
      "filename" : "首页.png",
      "idiom" : "universal",
      "resizing" : {
        "cap-insets" : {
          "bottom" : 21,
          "left" : 21,
          "right" : 20,
          "top" : 20
        },
        "center" : {
          "height" : 1,
          "mode" : "tile",
          "width" : 1
        },
        "mode" : "9-part"
      },
      "scale" : "1x"
    },
    {
      "appearances" : [
        {
          "appearance" : "luminosity",
          "value" : "dark"
        }
      ],
      "filename" : "选中@1x.png",
      "idiom" : "universal",
      "scale" : "1x"
    },
    {
      "filename" : "首页@2x.png",
      "idiom" : "universal",
      "scale" : "2x"
    },
    {
      "appearances" : [
        {
          "appearance" : "luminosity",
          "value" : "dark"
        }
      ],
      "filename" : "选中@2x.png",
      "idiom" : "universal",
      "scale" : "2x"
    },
    {
      "filename" : "首页@3x.png",
      "idiom" : "universal",
      "scale" : "3x"
    },
    {
      "appearances" : [
        {
          "appearance" : "luminosity",
          "value" : "dark"
        }
      ],
      "filename" : "选中@3x.png",
      "idiom" : "universal",
      "scale" : "3x"
    }
  ],
  "info" : {
    "author" : "xcode",
    "version" : 1
  }
}
